{
  "metrics": {
    "errors": {
      "type": "rate",
      "contains": "default",
      "values": {
        "fails": 5063,
        "rate": 0.2418388739143456,
        "passes": 1615
      },
      "thresholds": {
        "rate<0.10": {
          "ok": false
        }
      }
    },
    "data_sent": {
      "type": "counter",
      "contains": "data",
      "values": {
        "count": 2906586,
        "rate": 7537.0298490040195
      }
    },
    "custom_response_time": {
      "values": {
        "avg": 113.03583416007814,
        "min": -2957.275471,
        "med": 90.6055255,
        "max": 3741.77276,
        "p(90)": 232.92540400000007,
        "p(95)": 338.57755914999996
      },
      "type": "trend",
      "contains": "default"
    },
    "total_requests": {
      "type": "counter",
      "contains": "default",
      "values": {
        "count": 6678,
        "rate": 17.31663378673428
      }
    },
    "http_req_waiting": {
      "type": "trend",
      "contains": "time",
      "values": {
        "avg": 108.88765102060941,
        "min": 0,
        "med": 88.707229,
        "max": 3694.845585,
        "p(90)": 227.2209974,
        "p(95)": 332.65161039999987
      }
    },
    "http_req_duration": {
      "contains": "time",
      "values": {
        "p(95)": 338.0142838,
        "avg": 112.01596359826314,
        "min": -2957.275471,
        "med": 90.051944,
        "max": 3741.77276,
        "p(90)": 232.12121760000002
      },
      "thresholds": {
        "p(95)<2000": {
          "ok": true
        },
        "p(99)<3000": {
          "ok": true
        }
      },
      "type": "trend"
    },
    "vus_max": {
      "contains": "default",
      "values": {
        "value": 21,
        "min": 11,
        "max": 21
      },
      "type": "gauge"
    },
    "http_req_tls_handshaking": {
      "type": "trend",
      "contains": "time",
      "values": {
        "avg": 0,
        "min": 0,
        "med": 0,
        "max": 0,
        "p(90)": 0,
        "p(95)": 0
      }
    },
    "http_reqs": {
      "type": "counter",
      "contains": "default",
      "values": {
        "count": 6793,
        "rate": 17.614838771082056
      }
    },
    "chamado_duration": {
      "type": "trend",
      "contains": "default",
      "values": {
        "avg": 123.2276917054409,
        "min": -2957.275471,
        "med": 93.2819595,
        "max": 3741.77276,
        "p(90)": 267.52171210000006,
        "p(95)": 403.8355686499997
      },
      "thresholds": {
        "p(95)<1500": {
          "ok": true
        }
      }
    },
    "success_rate": {
      "type": "rate",
      "contains": "default",
      "values": {
        "passes": 4221,
        "fails": 2457,
        "rate": 0.6320754716981132
      },
      "thresholds": {
        "rate>0.80": {
          "ok": false
        }
      }
    },
    "http_req_blocked": {
      "type": "trend",
      "contains": "time",
      "values": {
        "avg": 0.015476602826438842,
        "min": 0.002851,
        "med": 0.007787,
        "max": 11.391749,
        "p(90)": 0.010748,
        "p(95)": 0.0152444
      }
    },
    "usuario_duration": {
      "type": "trend",
      "contains": "default",
      "values": {
        "p(95)": 0,
        "avg": 0,
        "min": 0,
        "med": 0,
        "max": 0,
        "p(90)": 0
      },
      "thresholds": {
        "p(95)<1000": {
          "ok": true
        }
      }
    },
    "http_req_failed": {
      "thresholds": {
        "rate<0.15": {
          "ok": false
        }
      },
      "type": "rate",
      "contains": "default",
      "values": {
        "rate": 0.36184307375239216,
        "passes": 2458,
        "fails": 4335
      }
    },
    "http_req_duration{expected_response:true}": {
      "type": "trend",
      "contains": "time",
      "values": {
        "avg": 100.92961342422146,
        "min": 0.632272,
        "med": 88.573755,
        "max": 2790.027132,
        "p(90)": 205.53143359999996,
        "p(95)": 287.3396626
      }
    },
    "servico_duration": {
      "type": "trend",
      "contains": "default",
      "values": {
        "min": 4.506403,
        "med": 11.677011,
        "max": 1317.528255,
        "p(90)": 49.28010280000004,
        "p(95)": 89.76235509999995,
        "avg": 28.038255612476398
      },
      "thresholds": {
        "p(95)<800": {
          "ok": true
        }
      }
    },
    "http_req_connecting": {
      "type": "trend",
      "contains": "time",
      "values": {
        "med": 0,
        "max": 8.151863,
        "p(90)": 0,
        "p(95)": 0,
        "avg": 0.003400109524510526,
        "min": 0
      }
    },
    "http_req_receiving": {
      "type": "trend",
      "contains": "time",
      "values": {
        "avg": 3.075807457088184,
        "min": -3022.857568,
        "med": 0.893625,
        "max": 341.475974,
        "p(90)": 7.208248400000001,
        "p(95)": 14.616498799999995
      }
    },
    "active_users": {
      "type": "gauge",
      "contains": "default",
      "values": {
        "min": 1,
        "max": 1,
        "value": 1
      }
    },
    "data_received": {
      "type": "counter",
      "contains": "data",
      "values": {
        "count": 6570012,
        "rate": 17036.61152717126
      }
    },
    "http_req_sending": {
      "values": {
        "med": 0.033999,
        "max": 15.816773,
        "p(90)": 0.06720820000000002,
        "p(95)": 0.07889959999999996,
        "avg": 0.05250512056528762,
        "min": 0.009212
      },
      "type": "trend",
      "contains": "time"
    },
    "http_req_duration{operation:complex}": {
      "type": "trend",
      "contains": "time",
      "values": {
        "min": 5.817229,
        "med": 20.213173,
        "max": 1317.528255,
        "p(90)": 85.570219,
        "p(95)": 149.788242,
        "avg": 43.81147014718614
      },
      "thresholds": {
        "p(95)<3000": {
          "ok": true
        }
      }
    },
    "dropped_iterations": {
      "type": "counter",
      "contains": "default",
      "values": {
        "count": 267,
        "rate": 0.6923541810509214
      }
    },
    "auth_duration": {
      "type": "trend",
      "contains": "default",
      "values": {
        "min": 0.155299,
        "med": 99.5355815,
        "max": 2790.027132,
        "p(90)": 247.21904430000004,
        "p(95)": 339.45874194999953,
        "avg": 132.58812711209845
      },
      "thresholds": {
        "p(95)<500": {
          "ok": true
        }
      }
    },
    "iterations": {
      "type": "counter",
      "contains": "default",
      "values": {
        "count": 2546,
        "rate": 6.6019990447777
      }
    },
    "http_req_duration{operation:read}": {
      "type": "trend",
      "contains": "time",
      "values": {
        "med": 78.7007205,
        "max": 2790.027132,
        "p(90)": 204.51104730000006,
        "p(95)": 289.9899286999999,
        "avg": 95.1722146598598,
        "min": -2957.275471
      },
      "thresholds": {
        "p(95)<1000": {
          "ok": true
        }
      }
    },
    "iteration_duration": {
      "type": "trend",
      "contains": "time",
      "values": {
        "p(90)": 4336.119531,
        "p(95)": 5152.7729295,
        "avg": 2644.0393027482373,
        "min": 14.58941,
        "med": 2552.047952,
        "max": 9321.678305
      }
    },
    "vus": {
      "type": "gauge",
      "contains": "default",
      "values": {
        "value": 2,
        "min": 1,
        "max": 21
      }
    },
    "http_req_duration{operation:write}": {
      "thresholds": {
        "p(95)<2000": {
          "ok": true
        }
      },
      "type": "trend",
      "contains": "time",
      "values": {
        "p(90)": 352.0814022,
        "p(95)": 474.0458062999994,
        "avg": 184.1531992001408,
        "min": 0.797442,
        "med": 121.106083,
        "max": 3741.77276
      }
    },
    "group_duration": {
      "type": "trend",
      "contains": "time",